{
  "downloader.window_geometry": "1200x760+1344+1136",
  "downloader.download_dir": "C:\\Users\\ASUS\\Downloads\\新建文件夹 (2)\\downloads",
  "downloader.db_path": "C:\\Users\\ASUS\\Downloads\\新建文件夹 (2)\\tsr_downloads.db",
  "downloader.cookies_path": "C:\\Users\\ASUS\\Downloads\\新建文件夹 (2)\\cookies.json",
  "downloader.download_dir_history": [
    "C:\\Users\\ASUS\\Downloads\\新建文件夹 (2)\\downloads"
  ],
  "downloader.db_path_history": [
    "C:\\Users\\ASUS\\Downloads\\新建文件夹 (2)\\tsr_downloads.db"
  ],
  "downloader.cookies_path_history": [
    "C:\\Users\\ASUS\\Downloads\\新建文件夹 (2)\\cookies.json"
  ],
  "_meta": {
    "updated_at": 1768844945
  },
  "tray_converter.geometry": "980x640+964+1195",
  "tray_converter.in_path": "",
  "tray_converter.ref_path": "",
  "tray_converter.out_path": "C:\\Users\\ASUS\\Downloads\\新建文件夹 (2)\\downgraded_tray",
  "tray_converter.manual_version": "",
  "tray_converter.copy_associated": true,
  "tray_converter.overwrite": false,
  "tray_converter.dry_run": false,
  "tray_converter.recursive": true,
  "tray_converter.workers": 8,
  "main_window.geometry": "980x640+1902+1056",
  "mod_manager.managed_root": "C:/Users/ASUS/Documents/Electronic Arts/The Sims 4/Mods",
  "mod_manager.managed_root_history": [
    "C:/Users/ASUS/Documents/Electronic Arts/The Sims 4/Mods",
    "C:/Users/ASUS/Documents/Electronic Arts/The Sims 4/Mods/人物"
  ]
}